"Pristype";"Lejlighedstype";"Postnummer";"2023K1";""2023K2";"2023K3";"2023K4";
"Realiseret handelspris";"Ejerlejlighed";"1000-1499 Kbh.K.";59355;62798;62857;60839
"Realiseret handelspris";"Ejerlejlighed";"1500-1799 Kbh.V.";54058;55896;59626;60221
"Realiseret handelspris";"Ejerlejlighed";"1800-1999 Frederiksberg C";58445;60432;64406;63763
"Realiseret handelspris";"Ejerlejlighed";"2000 Frederiksberg";48258;49561;50864;53325
"Realiseret handelspris";"Ejerlejlighed";"2100 K�benhavn �";52945;55063;58292;56651
"Realiseret handelspris";"Ejerlejlighed";"2150 Nordhavn";62567;62004;68010;67447
"Realiseret handelspris";"Ejerlejlighed";"2200 K�benhavn N";48760;51100;52758;53392
"Realiseret handelspris";"Ejerlejlighed";"2300 K�benhavn S";42878;43350;46265;47294
"Realiseret handelspris";"Ejerlejlighed";"2400 K�benhavn NV";37530;39707;40532;43798
"Realiseret handelspris";"Ejerlejlighed";"2450 K�benhavn SV";44815;48848;49476;50910
"Realiseret handelspris";"Ejerlejlighed";"2500 Valby";38141;40925;42680;43099
"Realiseret handelspris";"Ejerlejlighed";"2600 Glostrup";28134;27262;28218;28556
"Realiseret handelspris";"Ejerlejlighed";"2605 Br�ndby";..;..;..;..
"Realiseret handelspris";"Ejerlejlighed";"2610 R�dovre";32304;32918;35405;32466
"Realiseret handelspris";"Ejerlejlighed";"2620 Albertslund";24103;..;..;..
"Realiseret handelspris";"Ejerlejlighed";"2625 Vallensb�k";..;..;..;..
"Realiseret handelspris";"Ejerlejlighed";"2630 Taastrup";23753;24252;24988;25582
"Realiseret handelspris";"Ejerlejlighed";"2635 Ish�j";24430;24332;24259;25603
"Realiseret handelspris";"Ejerlejlighed";"2640 Hedehusene";23905;24909;23809;23690
"Realiseret handelspris";"Ejerlejlighed";"2650 Hvidovre";28611;29555;29641;31587
"Realiseret handelspris";"Ejerlejlighed";"2660 Br�ndby Strand";0;..;0;..
"Realiseret handelspris";"Ejerlejlighed";"2665 Vallensb�k Strand";25739;27464;26382;28853
"Realiseret handelspris";"Ejerlejlighed";"2670 Greve";29645;30505;..;..
"Realiseret handelspris";"Ejerlejlighed";"2680 Solr�d Strand";..;..;..;..
"Realiseret handelspris";"Ejerlejlighed";"2690 Karlslunde";..;..;..;..
"Realiseret handelspris";"Ejerlejlighed";"2700 Br�nsh�j";31323;33484;33985;35238
"Realiseret handelspris";"Ejerlejlighed";"2720 Vanl�se";36783;36820;38512;39468
"Realiseret handelspris";"Ejerlejlighed";"2730 Herlev";0;27110;29875;31366
"Realiseret handelspris";"Ejerlejlighed";"2740 Skovlunde";..;0;..;..
"Realiseret handelspris";"Ejerlejlighed";"2750 Ballerup";26894;26464;29153;30928
"Realiseret handelspris";"Ejerlejlighed";"2760 M�l�v";..;..;..;..
"Realiseret handelspris";"Ejerlejlighed";"2765 Sm�rum";25721;25670;30505;28499
"Realiseret handelspris";"Ejerlejlighed";"2770 Kastrup";33649;34524;34457;35937
"Realiseret handelspris";"Ejerlejlighed";"2791 Drag�r";..;..;..;..
"Realiseret handelspris";"Ejerlejlighed";"2800 Kgs.Lyngby";34891;37927;37996;38834
"Realiseret handelspris";"Ejerlejlighed";"2820 Gentofte";33545;34954;36329;35256
"Realiseret handelspris";"Ejerlejlighed";"2830 Virum";32737;33457;34832;34603
"Realiseret handelspris";"Ejerlejlighed";"2840 Holte";33839;34211;34448;41791
"Realiseret handelspris";"Ejerlejlighed";"2850 N�rum";28553;..;..;..
"Realiseret handelspris";"Ejerlejlighed";"2860 S�borg";32606;32378;32671;33095
"Realiseret handelspris";"Ejerlejlighed";"2870 Dysseg�rd";31677;35732;36238;34971
"Realiseret handelspris";"Ejerlejlighed";"2880 Bagsv�rd";29804;29536;30251;29536
"Realiseret handelspris";"Ejerlejlighed";"2900 Hellerup";50536;50132;64484;54579
"Realiseret handelspris";"Ejerlejlighed";"2920 Charlottenlund";45651;44008;51175;45971
"Realiseret handelspris";"Ejerlejlighed";"2930 Klampenborg";..;..;..;..
"Realiseret handelspris";"Ejerlejlighed";"2942 Skodsborg";48371;57029;45856;55433
"Realiseret handelspris";"Ejerlejlighed";"2950 Vedb�k";..;..;..;..
"Realiseret handelspris";"Ejerlejlighed";"2960 Rungsted Kyst";..;..;..;..
"Realiseret handelspris";"Ejerlejlighed";"2970 H�rsholm";32221;31899;34251;33574
"Realiseret handelspris";"Ejerlejlighed";"2980 Kokkedal";21019;..;..;..
"Realiseret handelspris";"Ejerlejlighed";"2990 Niv�";..;..;..;..
"Realiseret handelspris";"Ejerlejlighed";"3000 Helsing�r";25362;26833;24094;27239
"Realiseret handelspris";"Ejerlejlighed";"3050 Humleb�k";27987;23509;23565;20990
"Realiseret handelspris";"Ejerlejlighed";"3060 Esperg�rde";24387;23680;27435;24777
"Realiseret handelspris";"Ejerlejlighed";"3070 Snekkersten";..;..;..;..
"Realiseret handelspris";"Ejerlejlighed";"3080 Tik�b";0;0;0;0
"Realiseret handelspris";"Ejerlejlighed";"3100 Hornb�k";..;..;..;..
"Realiseret handelspris";"Ejerlejlighed";"3120 Dronningm�lle";0;..;..;..
"Realiseret handelspris";"Ejerlejlighed";"3140 �lsg�rde";..;..;..;..
"Realiseret handelspris";"Ejerlejlighed";"3150 Helleb�k";..;0;0;0
"Realiseret handelspris";"Ejerlejlighed";"3200 Helsinge";..;..;..;..
"Realiseret handelspris";"Ejerlejlighed";"3210 Vejby";..;..;..;0
"Realiseret handelspris";"Ejerlejlighed";"3220 Tisvildeleje";..;..;..;..
"Realiseret handelspris";"Ejerlejlighed";"3230 Gr�sted";..;0;0;..
"Realiseret handelspris";"Ejerlejlighed";"3250 Gilleleje";..;..;..;..
"Realiseret handelspris";"Ejerlejlighed";"3300 Frederiksv�rk";..;..;..;..
"Realiseret handelspris";"Ejerlejlighed";"3310 �lsted";0;0;0;0
"Realiseret handelspris";"Ejerlejlighed";"3320 Sk�vinge";0;0;0;0
"Realiseret handelspris";"Ejerlejlighed";"3330 G�rl�se";0;0;0;0
"Realiseret handelspris";"Ejerlejlighed";"3360 Liseleje";..;0;..;..
"Realiseret handelspris";"Ejerlejlighed";"3370 Melby";0;0;0;0
"Realiseret handelspris";"Ejerlejlighed";"3390 Hundested";0;..;..;..
"Realiseret handelspris";"Ejerlejlighed";"3400 Hiller�d";27192;24663;29802;30700
"Realiseret handelspris";"Ejerlejlighed";"3450 Aller�d";..;..;..;..
"Realiseret handelspris";"Ejerlejlighed";"3460 Birker�d";27033;30169;30142;25654
"Realiseret handelspris";"Ejerlejlighed";"3480 Fredensborg";24660;24142;26855;23600
"Realiseret handelspris";"Ejerlejlighed";"3490 Kvistg�rd";..;..;0;..
"Realiseret handelspris";"Ejerlejlighed";"3500 V�rl�se";26905;..;..;..
"Realiseret handelspris";"Ejerlejlighed";"3520 Farum";26254;27961;29142;28302
"Realiseret handelspris";"Ejerlejlighed";"3540 Lynge";0;0;..;..
"Realiseret handelspris";"Ejerlejlighed";"3550 Slangerup";0;0;..;..
"Realiseret handelspris";"Ejerlejlighed";"3600 Frederikssund";25706;..;..;..
"Realiseret handelspris";"Ejerlejlighed";"3630 J�gerspris";0;..;..;0
"Realiseret handelspris";"Ejerlejlighed";"3650 �lstykke";..;..;..;..
"Realiseret handelspris";"Ejerlejlighed";"3660 Stenl�se";25066;..;0;..
"Realiseret handelspris";"Ejerlejlighed";"3670 Veks� Sj�lland";..;0;0;..
"Realiseret handelspris";"Ejerlejlighed";"3700 R�nne";..;..;..;..
"Realiseret handelspris";"Ejerlejlighed";"3720 Aakirkeby";..;..;0;..
"Realiseret handelspris";"Ejerlejlighed";"3730 Nex�";..;..;0;..
"Realiseret handelspris";"Ejerlejlighed";"3740 Svaneke";0;0;0;0
"Realiseret handelspris";"Ejerlejlighed";"3751 �stermarie";0;0;0;0
"Realiseret handelspris";"Ejerlejlighed";"3760 Gudhjem";0;..;..;..
"Realiseret handelspris";"Ejerlejlighed";"3770 Allinge";29758;28687;25681;..
"Realiseret handelspris";"Ejerlejlighed";"3782 Klemensker";0;0;0;0
"Realiseret handelspris";"Ejerlejlighed";"3790 Hasle";..;..;..;0
"Realiseret handelspris";"Ejerlejlighed";"4000 Roskilde";27691;28743;30432;30654
"Realiseret handelspris";"Ejerlejlighed";"4030 Tune";..;0;0;0
"Realiseret handelspris";"Ejerlejlighed";"4040 Jyllinge";0;..;0;0
"Realiseret handelspris";"Ejerlejlighed";"4050 Skibby";..;..;..;0
"Realiseret handelspris";"Ejerlejlighed";"4060 Kirke S�by";0;0;..;0
"Realiseret handelspris";"Ejerlejlighed";"4070 Kirke Hyllinge";0;0;0;0
"Realiseret handelspris";"Ejerlejlighed";"4100 Ringsted";16211;..;..;..
"Realiseret handelspris";"Ejerlejlighed";"4130 Viby Sj�lland";..;..;..;0
"Realiseret handelspris";"Ejerlejlighed";"4140 Borup";0;..;0;0
"Realiseret handelspris";"Ejerlejlighed";"4160 Herlufmagle";0;0;0;0
"Realiseret handelspris";"Ejerlejlighed";"4171 Glums�";0;..;0;0
"Realiseret handelspris";"Ejerlejlighed";"4173 Fjenneslev";0;0;0;0
"Realiseret handelspris";"Ejerlejlighed";"4174 Jystrup Midtsj";0;0;0;0
"Realiseret handelspris";"Ejerlejlighed";"4180 Sor�";..;..;..;..
"Realiseret handelspris";"Ejerlejlighed";"4190 Munke Bjergby";0;0;0;0
"Realiseret handelspris";"Ejerlejlighed";"4200 Slagelse";15137;16075;14486;15985
"Realiseret handelspris";"Ejerlejlighed";"4220 Kors�r";9976;8480;7372;7332
"Realiseret handelspris";"Ejerlejlighed";"4230 Sk�lsk�r";..;..;..;..
"Realiseret handelspris";"Ejerlejlighed";"4241 Vemmelev";0;..;0;0
"Realiseret handelspris";"Ejerlejlighed";"4242 Boeslunde";0;0;0;0
"Realiseret handelspris";"Ejerlejlighed";"4243 Rude";0;0;0;0
"Realiseret handelspris";"Ejerlejlighed";"4244 Agers�";0;0;0;0
"Realiseret handelspris";"Ejerlejlighed";"4245 Om�";0;0;0;0
"Realiseret handelspris";"Ejerlejlighed";"4250 Fuglebjerg";0;0;0;0
"Realiseret handelspris";"Ejerlejlighed";"4261 Dalmose";0;0;0;0
"Realiseret handelspris";"Ejerlejlighed";"4262 Sandved";0;0;0;0
"Realiseret handelspris";"Ejerlejlighed";"4270 H�ng";0;0;0;0
"Realiseret handelspris";"Ejerlejlighed";"4281 G�rlev";..;0;..;0
"Realiseret handelspris";"Ejerlejlighed";"4291 Ruds Vedby";0;0;0;0
"Realiseret handelspris";"Ejerlejlighed";"4293 Dianalund";..;0;0;..
"Realiseret handelspris";"Ejerlejlighed";"4295 Stenlille";0;0;0;0
"Realiseret handelspris";"Ejerlejlighed";"4296 Nyrup";0;0;0;0
"Realiseret handelspris";"Ejerlejlighed";"4300 Holb�k";23673;25283;24904;20572
"Realiseret handelspris";"Ejerlejlighed";"4305 Or�";0;0;0;0
"Realiseret handelspris";"Ejerlejlighed";"4320 Lejre";0;..;0;..
"Realiseret handelspris";"Ejerlejlighed";"4330 Hvals�";..;..;0;0
"Realiseret handelspris";"Ejerlejlighed";"4340 T�ll�se";..;0;0;..
"Realiseret handelspris";"Ejerlejlighed";"4350 Ugerl�se";0;0;0;0
"Realiseret handelspris";"Ejerlejlighed";"4360 Kirke Eskilstrup";0;0;0;0
"Realiseret handelspris";"Ejerlejlighed";"4370 Store Merl�se";0;0;0;0
"Realiseret handelspris";"Ejerlejlighed";"4390 Vipper�d";..;0;..;0
"Realiseret handelspris";"Ejerlejlighed";"4400 Kalundborg";..;..;..;..
"Realiseret handelspris";"Ejerlejlighed";"4420 Regstrup";0;0;0;0
"Realiseret handelspris";"Ejerlejlighed";"4440 M�rk�v";0;0;0;0
"Realiseret handelspris";"Ejerlejlighed";"4450 Jyderup";0;0;0;0
"Realiseret handelspris";"Ejerlejlighed";"4460 Snertinge";0;0;0;0
"Realiseret handelspris";"Ejerlejlighed";"4470 Sveb�lle";0;0;0;0
"Realiseret handelspris";"Ejerlejlighed";"4480 Store Fuglede";0;0;0;0
"Realiseret handelspris";"Ejerlejlighed";"4490 Jerslev Sj�lland";0;0;0;0
"Realiseret handelspris";"Ejerlejlighed";"4500 Nyk�bing Sj";..;..;..;..
"Realiseret handelspris";"Ejerlejlighed";"4520 Svinninge";0;0;..;0
"Realiseret handelspris";"Ejerlejlighed";"4532 Gislinge";..;0;0;0
"Realiseret handelspris";"Ejerlejlighed";"4534 H�rve";0;0;0;..
"Realiseret handelspris";"Ejerlejlighed";"4540 F�revejle";0;0;0;0
"Realiseret handelspris";"Ejerlejlighed";"4550 Asn�s";..;..;0;..
"Realiseret handelspris";"Ejerlejlighed";"4560 Vig";0;0;0;0
"Realiseret handelspris";"Ejerlejlighed";"4571 Grevinge";0;0;0;0
"Realiseret handelspris";"Ejerlejlighed";"4572 N�rre Asmindrup";0;0;0;0
"Realiseret handelspris";"Ejerlejlighed";"4573 H�jby";0;..;..;0
"Realiseret handelspris";"Ejerlejlighed";"4581 R�rvig";0;0;0;0
"Realiseret handelspris";"Ejerlejlighed";"4583 Sj�llands Odde";0;0;0;0
"Realiseret handelspris";"Ejerlejlighed";"4591 F�llenslev";0;0;0;0
"Realiseret handelspris";"Ejerlejlighed";"4592 Sejer�";0;0;0;0
"Realiseret handelspris";"Ejerlejlighed";"4593 Eskebjerg";0;0;0;0
"Realiseret handelspris";"Ejerlejlighed";"4600 K�ge";25892;29258;30527;33349
"Realiseret handelspris";"Ejerlejlighed";"4621 Gadstrup";0;..;0;..
"Realiseret handelspris";"Ejerlejlighed";"4622 Havdrup";0;0;..;..
"Realiseret handelspris";"Ejerlejlighed";"4623 Lille Skensved";0;..;0;..
"Realiseret handelspris";"Ejerlejlighed";"4632 Bj�verskov";..;0;0;..
"Realiseret handelspris";"Ejerlejlighed";"4640 Faxe";..;..;..;0
"Realiseret handelspris";"Ejerlejlighed";"4652 H�rlev";..;..;..;0
"Realiseret handelspris";"Ejerlejlighed";"4653 Karise";0;0;0;0
"Realiseret handelspris";"Ejerlejlighed";"4654 Faxe Ladeplads";0;0;..;0
"Realiseret handelspris";"Ejerlejlighed";"4660 Store Heddinge";..;..;0;..
"Realiseret handelspris";"Ejerlejlighed";"4671 Str�by";0;0;0;0
"Realiseret handelspris";"Ejerlejlighed";"4672 Klippinge";0;0;0;0
"Realiseret handelspris";"Ejerlejlighed";"4673 R�dvig Stevns";..;0;..;0
"Realiseret handelspris";"Ejerlejlighed";"4681 Herf�lge";21611;..;..;..
"Realiseret handelspris";"Ejerlejlighed";"4682 Tureby";0;0;0;0
"Realiseret handelspris";"Ejerlejlighed";"4683 R�nnede";0;0;0;0
"Realiseret handelspris";"Ejerlejlighed";"4684 Holmegaard";0;0;0;0
"Realiseret handelspris";"Ejerlejlighed";"4690 Haslev";..;..;..;..
"Realiseret handelspris";"Ejerlejlighed";"4700 N�stved";14179;14080;13059;15767
"Realiseret handelspris";"Ejerlejlighed";"4720 Pr�st�";12161;0;..;0
"Realiseret handelspris";"Ejerlejlighed";"4733 Tappern�je";0;0;0;0
"Realiseret handelspris";"Ejerlejlighed";"4735 Mern";0;0;0;0
"Realiseret handelspris";"Ejerlejlighed";"4736 Karreb�ksminde";..;..;..;0
"Realiseret handelspris";"Ejerlejlighed";"4750 Lundby";0;0;0;..
"Realiseret handelspris";"Ejerlejlighed";"4760 Vordingborg";..;..;..;..
"Realiseret handelspris";"Ejerlejlighed";"4771 Kalvehave";0;0;0;0
"Realiseret handelspris";"Ejerlejlighed";"4772 Langeb�k";0;0;0;0
"Realiseret handelspris";"Ejerlejlighed";"4773 Stensved";0;0;0;0
"Realiseret handelspris";"Ejerlejlighed";"4780 Stege";0;0;0;0
"Realiseret handelspris";"Ejerlejlighed";"4791 Borre";0;..;..;..
"Realiseret handelspris";"Ejerlejlighed";"4792 Askeby";0;..;0;0
"Realiseret handelspris";"Ejerlejlighed";"4793 Bog� By";0;0;0;0
"Realiseret handelspris";"Ejerlejlighed";"4800 Nyk�bing F";10661;..;..;..
"Realiseret handelspris";"Ejerlejlighed";"4840 N�rre Alslev";0;..;0;0
"Realiseret handelspris";"Ejerlejlighed";"4850 Stubbek�bing";0;0;0;..
"Realiseret handelspris";"Ejerlejlighed";"4862 Guldborg";0;0;0;0
"Realiseret handelspris";"Ejerlejlighed";"4863 Eskilstrup";0;0;0;0
"Realiseret handelspris";"Ejerlejlighed";"4871 Horbelev";0;0;0;0
"Realiseret handelspris";"Ejerlejlighed";"4872 Idestrup";0;..;0;0
"Realiseret handelspris";"Ejerlejlighed";"4873 V�ggerl�se";..;..;..;..
"Realiseret handelspris";"Ejerlejlighed";"4874 Gedser";..;0;..;..
"Realiseret handelspris";"Ejerlejlighed";"4880 Nysted";0;..;..;..
"Realiseret handelspris";"Ejerlejlighed";"4891 Toreby L";0;0;0;0
"Realiseret handelspris";"Ejerlejlighed";"4892 Kettinge";0;0;0;0
"Realiseret handelspris";"Ejerlejlighed";"4894 �ster Ulslev";0;0;0;0
"Realiseret handelspris";"Ejerlejlighed";"4895 Errindlev";0;0;0;0
"Realiseret handelspris";"Ejerlejlighed";"4900 Nakskov";..;0;0;..
"Realiseret handelspris";"Ejerlejlighed";"4912 Harpelunde";0;0;0;0
"Realiseret handelspris";"Ejerlejlighed";"4913 Horslunde";0;0;0;0
"Realiseret handelspris";"Ejerlejlighed";"4920 S�llested";0;0;0;0
"Realiseret handelspris";"Ejerlejlighed";"4930 Maribo";..;0;..;..
"Realiseret handelspris";"Ejerlejlighed";"4941 Bandholm";0;0;0;0
"Realiseret handelspris";"Ejerlejlighed";"4942 Ask�";0;0;0;0
"Realiseret handelspris";"Ejerlejlighed";"4943 Torrig L";0;0;0;0
"Realiseret handelspris";"Ejerlejlighed";"4944 Fej�";..;0;0;0
"Realiseret handelspris";"Ejerlejlighed";"4945 Fem�";0;0;0;0
"Realiseret handelspris";"Ejerlejlighed";"4951 N�rreballe";0;0;0;0
"Realiseret handelspris";"Ejerlejlighed";"4952 Stokkemarke";0;0;0;0
"Realiseret handelspris";"Ejerlejlighed";"4953 Vesterborg";0;0;0;0
"Realiseret handelspris";"Ejerlejlighed";"4960 Holeby";0;0;0;0
"Realiseret handelspris";"Ejerlejlighed";"4970 R�dby";0;0;0;0
"Realiseret handelspris";"Ejerlejlighed";"4983 Dannemare";0;0;0;0
"Realiseret handelspris";"Ejerlejlighed";"4990 Saksk�bing";..;0;0;0
"Realiseret handelspris";"Ejerlejlighed";"5000 Odense C";23712;24921;23475;24234
"Realiseret handelspris";"Ejerlejlighed";"5200 Odense V";19551;16306;..;0
"Realiseret handelspris";"Ejerlejlighed";"5210 Odense NV";..;..;..;..
"Realiseret handelspris";"Ejerlejlighed";"5220 Odense S�";0;0;0;..
"Realiseret handelspris";"Ejerlejlighed";"5230 Odense M";..;..;..;..
"Realiseret handelspris";"Ejerlejlighed";"5240 Odense N�";0;0;0;0
"Realiseret handelspris";"Ejerlejlighed";"5250 Odense SV";14232;18217;15399;14360
"Realiseret handelspris";"Ejerlejlighed";"5260 Odense S";..;0;..;0
"Realiseret handelspris";"Ejerlejlighed";"5270 Odense N";11748;12006;..;..
"Realiseret handelspris";"Ejerlejlighed";"5290 Marslev";0;0;0;0
"Realiseret handelspris";"Ejerlejlighed";"5300 Kerteminde";..;..;0;..
"Realiseret handelspris";"Ejerlejlighed";"5320 Agedrup";0;..;0;0
"Realiseret handelspris";"Ejerlejlighed";"5330 Munkebo";0;0;0;0
"Realiseret handelspris";"Ejerlejlighed";"5350 Rynkeby";0;0;0;0
"Realiseret handelspris";"Ejerlejlighed";"5370 Mesinge";0;0;0;0
"Realiseret handelspris";"Ejerlejlighed";"5380 Dalby";0;0;0;0
"Realiseret handelspris";"Ejerlejlighed";"5390 Martofte";0;0;0;0
"Realiseret handelspris";"Ejerlejlighed";"5400 Bogense";..;..;..;..
"Realiseret handelspris";"Ejerlejlighed";"5450 Otterup";0;0;0;0
"Realiseret handelspris";"Ejerlejlighed";"5462 Morud";0;0;0;0
"Realiseret handelspris";"Ejerlejlighed";"5463 Harndrup";0;0;0;0
"Realiseret handelspris";"Ejerlejlighed";"5464 Brenderup Fyn";..;0;..;0
"Realiseret handelspris";"Ejerlejlighed";"5466 Asperup";0;0;0;0
"Realiseret handelspris";"Ejerlejlighed";"5471 S�nders�";0;..;0;0
"Realiseret handelspris";"Ejerlejlighed";"5474 Veflinge";0;0;0;0
"Realiseret handelspris";"Ejerlejlighed";"5485 Skamby";0;0;0;0
"Realiseret handelspris";"Ejerlejlighed";"5491 Blommenslyst";0;0;0;0
"Realiseret handelspris";"Ejerlejlighed";"5492 Vissenbjerg";0;0;0;0
"Realiseret handelspris";"Ejerlejlighed";"5500 Middelfart";..;..;..;..
"Realiseret handelspris";"Ejerlejlighed";"5540 Ullerslev";0;0;0;0
"Realiseret handelspris";"Ejerlejlighed";"5550 Langeskov";0;0;0;0
"Realiseret handelspris";"Ejerlejlighed";"5560 Aarup";0;0;0;0
"Realiseret handelspris";"Ejerlejlighed";"5580 N�rre Aaby";0;0;0;0
"Realiseret handelspris";"Ejerlejlighed";"5591 Gelsted";0;0;0;0
"Realiseret handelspris";"Ejerlejlighed";"5592 Ejby";0;0;0;0
"Realiseret handelspris";"Ejerlejlighed";"5600 Faaborg";..;..;..;..
"Realiseret handelspris";"Ejerlejlighed";"5601 Ly�";0;0;0;0
"Realiseret handelspris";"Ejerlejlighed";"5602 Avernak�";0;0;0;0
"Realiseret handelspris";"Ejerlejlighed";"5603 Bj�rn�";0;0;0;0
"Realiseret handelspris";"Ejerlejlighed";"5610 Assens";..;..;0;0
"Realiseret handelspris";"Ejerlejlighed";"5620 Glamsbjerg";0;0;0;0
"Realiseret handelspris";"Ejerlejlighed";"5631 Ebberup";0;0;0;0
"Realiseret handelspris";"Ejerlejlighed";"5642 Millinge";0;0;0;0
"Realiseret handelspris";"Ejerlejlighed";"5672 Broby";0;0;0;0
"Realiseret handelspris";"Ejerlejlighed";"5683 Haarby";0;0;0;0
"Realiseret handelspris";"Ejerlejlighed";"5690 Tommerup";..;0;..;..
"Realiseret handelspris";"Ejerlejlighed";"5700 Svendborg";17763;..;..;..
"Realiseret handelspris";"Ejerlejlighed";"5750 Ringe";0;..;0;0
"Realiseret handelspris";"Ejerlejlighed";"5762 Vester Skerninge";0;0;0;0
"Realiseret handelspris";"Ejerlejlighed";"5771 Stenstrup";0;0;0;0
"Realiseret handelspris";"Ejerlejlighed";"5772 Kv�rndrup";0;0;0;0
"Realiseret handelspris";"Ejerlejlighed";"5792 �rslev";0;..;0;..
"Realiseret handelspris";"Ejerlejlighed";"5800 Nyborg";..;0;..;..
"Realiseret handelspris";"Ejerlejlighed";"5853 �rb�k";0;..;0;0
"Realiseret handelspris";"Ejerlejlighed";"5854 Gislev";0;0;0;0
"Realiseret handelspris";"Ejerlejlighed";"5856 Ryslinge";0;0;0;0
"Realiseret handelspris";"Ejerlejlighed";"5863 Ferritslev Fyn";0;0;0;0
"Realiseret handelspris";"Ejerlejlighed";"5871 Fr�rup";0;0;0;0
"Realiseret handelspris";"Ejerlejlighed";"5874 Hesselager";0;0;0;0
"Realiseret handelspris";"Ejerlejlighed";"5881 Sk�rup Fyn";0;..;0;0
"Realiseret handelspris";"Ejerlejlighed";"5882 Vejstrup";0;0;..;..
"Realiseret handelspris";"Ejerlejlighed";"5883 Oure";0;0;0;0
"Realiseret handelspris";"Ejerlejlighed";"5884 Gudme";0;0;0;0
"Realiseret handelspris";"Ejerlejlighed";"5892 Gudbjerg Sydfyn";0;0;0;0
"Realiseret handelspris";"Ejerlejlighed";"5900 Rudk�bing";..;0;..;0
"Realiseret handelspris";"Ejerlejlighed";"5932 Humble";0;0;0;0
"Realiseret handelspris";"Ejerlejlighed";"5935 Bagenkop";0;0;0;0
"Realiseret handelspris";"Ejerlejlighed";"5943 Stryn�";0;0;0;0
"Realiseret handelspris";"Ejerlejlighed";"5953 Tranek�r";..;..;..;0
"Realiseret handelspris";"Ejerlejlighed";"5960 Marstal";0;0;0;0
"Realiseret handelspris";"Ejerlejlighed";"5965 Birkholm";0;0;0;0
"Realiseret handelspris";"Ejerlejlighed";"5970 �r�sk�bing";0;0;0;0
"Realiseret handelspris";"Ejerlejlighed";"5985 S�by �r�";0;0;0;0
"Realiseret handelspris";"Ejerlejlighed";"6000 Kolding";21281;16620;14961;14961
"Realiseret handelspris";"Ejerlejlighed";"6040 Egtved";0;0;0;0
"Realiseret handelspris";"Ejerlejlighed";"6051 Almind";0;0;0;0
"Realiseret handelspris";"Ejerlejlighed";"6052 Viuf";0;0;0;0
"Realiseret handelspris";"Ejerlejlighed";"6064 Jordrup";0;0;0;0
"Realiseret handelspris";"Ejerlejlighed";"6070 Christiansfeld";0;0;0;0
"Realiseret handelspris";"Ejerlejlighed";"6091 Bjert";0;0;0;0
"Realiseret handelspris";"Ejerlejlighed";"6092 S�nder Stenderup";0;0;0;0
"Realiseret handelspris";"Ejerlejlighed";"6093 Sj�lund";0;0;0;0
"Realiseret handelspris";"Ejerlejlighed";"6094 Hejls";..;0;..;0
"Realiseret handelspris";"Ejerlejlighed";"6100 Haderslev";..;..;..;..
"Realiseret handelspris";"Ejerlejlighed";"6210 Bars�";0;0;0;0
"Realiseret handelspris";"Ejerlejlighed";"6200 Aabenraa";12926;..;..;..
"Realiseret handelspris";"Ejerlejlighed";"6230 R�dekro";0;0;0;0
"Realiseret handelspris";"Ejerlejlighed";"6240 L�gumkloster";0;0;0;0
"Realiseret handelspris";"Ejerlejlighed";"6261 Bredebro";0;0;0;0
"Realiseret handelspris";"Ejerlejlighed";"6270 T�nder";0;0;..;..
"Realiseret handelspris";"Ejerlejlighed";"6280 H�jer";..;..;0;0
"Realiseret handelspris";"Ejerlejlighed";"6300 Gr�sten";11655;..;..;..
"Realiseret handelspris";"Ejerlejlighed";"6310 Broager";0;0;0;0
"Realiseret handelspris";"Ejerlejlighed";"6320 Egernsund";0;0;0;0
"Realiseret handelspris";"Ejerlejlighed";"6330 Padborg";0;0;0;0
"Realiseret handelspris";"Ejerlejlighed";"6340 Krus�";0;..;..;0
"Realiseret handelspris";"Ejerlejlighed";"6360 Tinglev";0;0;0;0
"Realiseret handelspris";"Ejerlejlighed";"6372 Bylderup-Bov";0;0;0;0
"Realiseret handelspris";"Ejerlejlighed";"6392 Bolderslev";0;0;0;0
"Realiseret handelspris";"Ejerlejlighed";"6400 S�nderborg";18869;..;..;..
"Realiseret handelspris";"Ejerlejlighed";"6430 Nordborg";0;0;0;0
"Realiseret handelspris";"Ejerlejlighed";"6440 Augustenborg";0;0;0;0
"Realiseret handelspris";"Ejerlejlighed";"6470 Sydals";0;0;0;0
"Realiseret handelspris";"Ejerlejlighed";"6500 Vojens";0;0;0;0
"Realiseret handelspris";"Ejerlejlighed";"6510 Gram";0;0;0;0
"Realiseret handelspris";"Ejerlejlighed";"6520 Toftlund";0;0;0;0
"Realiseret handelspris";"Ejerlejlighed";"6534 Agerskov";0;0;0;0
"Realiseret handelspris";"Ejerlejlighed";"6535 Branderup J";0;0;0;0
"Realiseret handelspris";"Ejerlejlighed";"6541 Bevtoft";0;0;0;0
"Realiseret handelspris";"Ejerlejlighed";"6560 Sommersted";0;0;0;0
"Realiseret handelspris";"Ejerlejlighed";"6580 Vamdrup";0;0;0;0
"Realiseret handelspris";"Ejerlejlighed";"6600 Vejen";..;..;..;0
"Realiseret handelspris";"Ejerlejlighed";"6621 Gesten";0;0;0;0
"Realiseret handelspris";"Ejerlejlighed";"6622 B�kke";0;0;0;0
"Realiseret handelspris";"Ejerlejlighed";"6623 Vorbasse";0;0;0;0
"Realiseret handelspris";"Ejerlejlighed";"6630 R�dding";0;0;0;0
"Realiseret handelspris";"Ejerlejlighed";"6640 Lunderskov";0;0;0;0
"Realiseret handelspris";"Ejerlejlighed";"6650 Br�rup";0;0;..;..
"Realiseret handelspris";"Ejerlejlighed";"6660 Lintrup";0;0;0;0
"Realiseret handelspris";"Ejerlejlighed";"6670 Holsted";..;0;0;0
"Realiseret handelspris";"Ejerlejlighed";"6682 Hovborg";0;0;0;0
"Realiseret handelspris";"Ejerlejlighed";"6683 F�vling";0;0;0;0
"Realiseret handelspris";"Ejerlejlighed";"6690 G�rding";0;0;..;0
"Realiseret handelspris";"Ejerlejlighed";"6700 Esbjerg";17381;17746;18302;17120
"Realiseret handelspris";"Ejerlejlighed";"6705 Esbjerg �";..;..;..;0
"Realiseret handelspris";"Ejerlejlighed";"6710 Esbjerg V";..;..;..;..
"Realiseret handelspris";"Ejerlejlighed";"6715 Esbjerg N";..;..;..;..
"Realiseret handelspris";"Ejerlejlighed";"6720 Fan�";..;..;..;..
"Realiseret handelspris";"Ejerlejlighed";"6731 Tj�reborg";0;0;0;0
"Realiseret handelspris";"Ejerlejlighed";"6740 Bramming";0;..;0;..
"Realiseret handelspris";"Ejerlejlighed";"6752 Glejbjerg";0;0;0;0
"Realiseret handelspris";"Ejerlejlighed";"6753 Agerb�k";0;0;0;0
"Realiseret handelspris";"Ejerlejlighed";"6760 Ribe";..;0;..;..
"Realiseret handelspris";"Ejerlejlighed";"6771 Gredstedbro";0;0;0;0
"Realiseret handelspris";"Ejerlejlighed";"6780 Sk�rb�k";0;0;..;0
"Realiseret handelspris";"Ejerlejlighed";"6792 R�m�";9130;11641;10609;11549
"Realiseret handelspris";"Ejerlejlighed";"6800 Varde";..;..;..;..
"Realiseret handelspris";"Ejerlejlighed";"6818 �rre";0;0;0;0
"Realiseret handelspris";"Ejerlejlighed";"6823 Ansager";0;0;0;0
"Realiseret handelspris";"Ejerlejlighed";"6830 N�rre Nebel";10446;11250;11407;..
"Realiseret handelspris";"Ejerlejlighed";"6840 Oksb�l";0;0;0;0
"Realiseret handelspris";"Ejerlejlighed";"6851 Janderup Vestj";0;0;0;0
"Realiseret handelspris";"Ejerlejlighed";"6852 Billum";0;0;0;0
"Realiseret handelspris";"Ejerlejlighed";"6853 Vejers Strand";..;..;..;0
"Realiseret handelspris";"Ejerlejlighed";"6854 Henne";..;0;0;..
"Realiseret handelspris";"Ejerlejlighed";"6855 Outrup";0;0;0;0
"Realiseret handelspris";"Ejerlejlighed";"6857 Bl�vand";..;..;..;..
"Realiseret handelspris";"Ejerlejlighed";"6862 Tistrup";0;0;0;0
"Realiseret handelspris";"Ejerlejlighed";"6870 �lgod";0;0;0;0
"Realiseret handelspris";"Ejerlejlighed";"6880 Tarm";0;0;0;0
"Realiseret handelspris";"Ejerlejlighed";"6893 Hemmet";0;0;0;0
"Realiseret handelspris";"Ejerlejlighed";"6900 Skjern";0;0;0;..
"Realiseret handelspris";"Ejerlejlighed";"6920 Videb�k";0;0;0;..
"Realiseret handelspris";"Ejerlejlighed";"6933 Kib�k";..;0;..;..
"Realiseret handelspris";"Ejerlejlighed";"6940 Lem St";0;0;0;0
"Realiseret handelspris";"Ejerlejlighed";"6950 Ringk�bing";18109;..;..;..
"Realiseret handelspris";"Ejerlejlighed";"6960 Hvide Sande";..;..;0;..
"Realiseret handelspris";"Ejerlejlighed";"6971 Spjald";0;0;0;0
"Realiseret handelspris";"Ejerlejlighed";"6973 �rnh�j";0;0;0;0
"Realiseret handelspris";"Ejerlejlighed";"6980 Tim";0;0;0;0
"Realiseret handelspris";"Ejerlejlighed";"6990 Ulfborg";..;..;..;0
"Realiseret handelspris";"Ejerlejlighed";"7000 Fredericia";11678;12052;11164;13535
"Realiseret handelspris";"Ejerlejlighed";"7080 B�rkop";0;..;..;0
"Realiseret handelspris";"Ejerlejlighed";"7100 Vejle";16954;18802;18921;19022
"Realiseret handelspris";"Ejerlejlighed";"7120 Vejle �st";0;..;0;0
"Realiseret handelspris";"Ejerlejlighed";"7130 Juelsminde";..;..;0;0
"Realiseret handelspris";"Ejerlejlighed";"7140 Stouby";0;0;0;0
"Realiseret handelspris";"Ejerlejlighed";"7150 Barrit";0;0;0;0
"Realiseret handelspris";"Ejerlejlighed";"7160 T�rring";0;0;0;0
"Realiseret handelspris";"Ejerlejlighed";"7171 Uldum";0;0;0;0
"Realiseret handelspris";"Ejerlejlighed";"7173 Vonge";0;0;0;0
"Realiseret handelspris";"Ejerlejlighed";"7182 Bredsten";..;0;0;0
"Realiseret handelspris";"Ejerlejlighed";"7183 Randb�l";0;0;0;0
"Realiseret handelspris";"Ejerlejlighed";"7184 Vandel";0;0;0;0
"Realiseret handelspris";"Ejerlejlighed";"7190 Billund";0;0;0;0
"Realiseret handelspris";"Ejerlejlighed";"7200 Grindsted";..;0;..;..
"Realiseret handelspris";"Ejerlejlighed";"7250 Hejnsvig";0;0;0;0
"Realiseret handelspris";"Ejerlejlighed";"7260 S�nder Omme";0;0;0;0
"Realiseret handelspris";"Ejerlejlighed";"7270 Stakroge";0;0;0;0
"Realiseret handelspris";"Ejerlejlighed";"7280 S�nder Felding";0;0;0;0
"Realiseret handelspris";"Ejerlejlighed";"7300 Jelling";0;0;0;0
"Realiseret handelspris";"Ejerlejlighed";"7321 Gadbjerg";0;0;0;0
"Realiseret handelspris";"Ejerlejlighed";"7323 Give";0;0;0;0
"Realiseret handelspris";"Ejerlejlighed";"7330 Brande";..;..;0;0
"Realiseret handelspris";"Ejerlejlighed";"7361 Ejstrupholm";0;0;0;0
"Realiseret handelspris";"Ejerlejlighed";"7362 Hampen";0;0;0;0
"Realiseret handelspris";"Ejerlejlighed";"7400 Herning";16241;15608;15445;14584
"Realiseret handelspris";"Ejerlejlighed";"7430 Ikast";..;..;..;..
"Realiseret handelspris";"Ejerlejlighed";"7441 Bording";..;0;0;0
"Realiseret handelspris";"Ejerlejlighed";"7442 Engesvang";..;..;..;0
"Realiseret handelspris";"Ejerlejlighed";"7451 Sunds";0;0;0;..
"Realiseret handelspris";"Ejerlejlighed";"7470 Karup J";0;0;0;0
"Realiseret handelspris";"Ejerlejlighed";"7480 Vildbjerg";..;..;..;0
"Realiseret handelspris";"Ejerlejlighed";"7490 Aulum";..;0;..;..
"Realiseret handelspris";"Ejerlejlighed";"7500 Holstebro";..;..;..;..
"Realiseret handelspris";"Ejerlejlighed";"7540 Haderup";0;0;0;0
"Realiseret handelspris";"Ejerlejlighed";"7550 S�rvad";0;0;..;0
"Realiseret handelspris";"Ejerlejlighed";"7560 Hjerm";0;0;0;0
"Realiseret handelspris";"Ejerlejlighed";"7570 Vemb";0;0;0;0
"Realiseret handelspris";"Ejerlejlighed";"7600 Struer";3952;..;..;..
"Realiseret handelspris";"Ejerlejlighed";"7620 Lemvig";..;..;..;..
"Realiseret handelspris";"Ejerlejlighed";"7650 B�vlingbjerg";0;0;0;0
"Realiseret handelspris";"Ejerlejlighed";"7660 B�kmarksbro";0;0;0;0
"Realiseret handelspris";"Ejerlejlighed";"7673 Harbo�re";0;0;0;0
"Realiseret handelspris";"Ejerlejlighed";"7680 Thybor�n";0;0;0;0
"Realiseret handelspris";"Ejerlejlighed";"7700 Thisted";..;..;..;..
"Realiseret handelspris";"Ejerlejlighed";"7730 Hanstholm";0;..;..;0
"Realiseret handelspris";"Ejerlejlighed";"7741 Fr�strup";0;0;0;0
"Realiseret handelspris";"Ejerlejlighed";"7742 Vesl�s";0;0;..;..
"Realiseret handelspris";"Ejerlejlighed";"7752 Snedsted";0;0;0;0
"Realiseret handelspris";"Ejerlejlighed";"7755 Bedsted Thy";0;0;0;0
"Realiseret handelspris";"Ejerlejlighed";"7760 Hurup Thy";0;0;0;0
"Realiseret handelspris";"Ejerlejlighed";"7770 Vestervig";..;..;..;..
"Realiseret handelspris";"Ejerlejlighed";"7790 Thyholm";0;0;0;0
"Realiseret handelspris";"Ejerlejlighed";"7800 Skive";..;..;..;..
"Realiseret handelspris";"Ejerlejlighed";"7830 Vinderup";0;0;0;0
"Realiseret handelspris";"Ejerlejlighed";"7840 H�jslev";0;0;0;0
"Realiseret handelspris";"Ejerlejlighed";"7850 Stoholm Jyll";0;0;0;0
"Realiseret handelspris";"Ejerlejlighed";"7860 Sp�ttrup";0;0;0;0
"Realiseret handelspris";"Ejerlejlighed";"7870 Roslev";0;0;0;0
"Realiseret handelspris";"Ejerlejlighed";"7884 Fur";0;0;0;0
"Realiseret handelspris";"Ejerlejlighed";"7900 Nyk�bing M";0;0;0;0
"Realiseret handelspris";"Ejerlejlighed";"7950 Erslev";0;0;0;0
"Realiseret handelspris";"Ejerlejlighed";"7960 Karby";0;0;0;0
"Realiseret handelspris";"Ejerlejlighed";"7970 Redsted M";0;0;0;0
"Realiseret handelspris";"Ejerlejlighed";"7980 Vils";0;0;0;0
"Realiseret handelspris";"Ejerlejlighed";"7990 �ster Assels";0;0;0;0
"Realiseret handelspris";"Ejerlejlighed";"8000 �rhus C";39211;40152;40387;41721
"Realiseret handelspris";"Ejerlejlighed";"8200 �rhus N";33780;35401;35469;34895
"Realiseret handelspris";"Ejerlejlighed";"8210 �rhus V";26006;..;..;..
"Realiseret handelspris";"Ejerlejlighed";"8220 Brabrand";19761;..;..;..
"Realiseret handelspris";"Ejerlejlighed";"8230 �byh�j";31658;31056;..;..
"Realiseret handelspris";"Ejerlejlighed";"8240 Risskov";30886;28137;27859;36075
"Realiseret handelspris";"Ejerlejlighed";"8250 Eg�";38043;..;..;..
"Realiseret handelspris";"Ejerlejlighed";"8260 Viby J";21850;22265;20714;18988
"Realiseret handelspris";"Ejerlejlighed";"8270 H�jbjerg";24293;25629;26115;22447
"Realiseret handelspris";"Ejerlejlighed";"8300 Odder";..;..;..;..
"Realiseret handelspris";"Ejerlejlighed";"8305 Sams�";0;0;0;0
"Realiseret handelspris";"Ejerlejlighed";"8310 Tranbjerg J";0;..;0;0
"Realiseret handelspris";"Ejerlejlighed";"8320 M�rslet";0;0;0;..
"Realiseret handelspris";"Ejerlejlighed";"8330 Beder";0;..;0;..
"Realiseret handelspris";"Ejerlejlighed";"8340 Malling";0;0;..;..
"Realiseret handelspris";"Ejerlejlighed";"8350 Hundslund";0;0;0;0
"Realiseret handelspris";"Ejerlejlighed";"8355 Solbjerg";0;0;0;..
"Realiseret handelspris";"Ejerlejlighed";"8361 Hasselager";0;0;0;0
"Realiseret handelspris";"Ejerlejlighed";"8362 H�rning";..;..;..;..
"Realiseret handelspris";"Ejerlejlighed";"8370 Hadsten";..;..;0;..
"Realiseret handelspris";"Ejerlejlighed";"8380 Trige";0;0;0;0
"Realiseret handelspris";"Ejerlejlighed";"8381 Tilst";..;..;..;0
"Realiseret handelspris";"Ejerlejlighed";"8382 Hinnerup";..;..;..;0
"Realiseret handelspris";"Ejerlejlighed";"8400 Ebeltoft";..;..;..;..
"Realiseret handelspris";"Ejerlejlighed";"8410 R�nde";0;0;..;0
"Realiseret handelspris";"Ejerlejlighed";"8420 Knebel";0;..;..;0
"Realiseret handelspris";"Ejerlejlighed";"8444 Balle";0;0;0;0
"Realiseret handelspris";"Ejerlejlighed";"8450 Hammel";..;0;0;..
"Realiseret handelspris";"Ejerlejlighed";"8462 Harlev J";0;..;0;0
"Realiseret handelspris";"Ejerlejlighed";"8464 Galten";0;..;..;..
"Realiseret handelspris";"Ejerlejlighed";"8471 Sabro";0;..;0;0
"Realiseret handelspris";"Ejerlejlighed";"8472 Sporup";0;0;0;0
"Realiseret handelspris";"Ejerlejlighed";"8500 Grenaa";9019;..;..;..
"Realiseret handelspris";"Ejerlejlighed";"8520 Lystrup";..;..;..;..
"Realiseret handelspris";"Ejerlejlighed";"8530 Hjortsh�j";0;0;0;..
"Realiseret handelspris";"Ejerlejlighed";"8541 Sk�dstrup";..;..;..;..
"Realiseret handelspris";"Ejerlejlighed";"8543 Hornslet";..;0;0;0
"Realiseret handelspris";"Ejerlejlighed";"8544 M�rke";0;0;0;0
"Realiseret handelspris";"Ejerlejlighed";"8550 Ryomg�rd";0;0;0;0
"Realiseret handelspris";"Ejerlejlighed";"8560 Kolind";0;0;0;0
"Realiseret handelspris";"Ejerlejlighed";"8570 Trustrup";0;0;0;0
"Realiseret handelspris";"Ejerlejlighed";"8581 Nimtofte";0;0;0;0
"Realiseret handelspris";"Ejerlejlighed";"8585 Glesborg";..;..;..;..
"Realiseret handelspris";"Ejerlejlighed";"8586 �rum Djurs";0;0;0;0
"Realiseret handelspris";"Ejerlejlighed";"8592 Anholt";0;0;0;0
"Realiseret handelspris";"Ejerlejlighed";"8600 Silkeborg";20283;23751;22372;24116
"Realiseret handelspris";"Ejerlejlighed";"8620 Kjellerup";0;0;..;..
"Realiseret handelspris";"Ejerlejlighed";"8632 Lemming";0;0;0;0
"Realiseret handelspris";"Ejerlejlighed";"8641 Sorring";0;0;..;0
"Realiseret handelspris";"Ejerlejlighed";"8643 Ans By";0;0;0;0
"Realiseret handelspris";"Ejerlejlighed";"8653 Them";0;0;..;..
"Realiseret handelspris";"Ejerlejlighed";"8654 Bryrup";0;0;0;0
"Realiseret handelspris";"Ejerlejlighed";"8660 Skanderborg";24869;..;..;..
"Realiseret handelspris";"Ejerlejlighed";"8670 L�sby";0;0;0;0
"Realiseret handelspris";"Ejerlejlighed";"8680 Ry";..;..;..;0
"Realiseret handelspris";"Ejerlejlighed";"8700 Horsens";16853;17072;16314;18235
"Realiseret handelspris";"Ejerlejlighed";"8721 Daug�rd";0;0;0;0
"Realiseret handelspris";"Ejerlejlighed";"8722 Hedensted";0;0;..;..
"Realiseret handelspris";"Ejerlejlighed";"8723 L�sning";0;0;0;0
"Realiseret handelspris";"Ejerlejlighed";"8732 Hovedg�rd";0;0;..;0
"Realiseret handelspris";"Ejerlejlighed";"8740 Br�dstrup";0;0;0;0
"Realiseret handelspris";"Ejerlejlighed";"8751 Gedved";0;0;0;0
"Realiseret handelspris";"Ejerlejlighed";"8752 �stbirk";0;0;..;0
"Realiseret handelspris";"Ejerlejlighed";"8762 Flemming";0;0;0;0
"Realiseret handelspris";"Ejerlejlighed";"8763 Rask M�lle";0;0;0;0
"Realiseret handelspris";"Ejerlejlighed";"8765 Klovborg";0;0;0;0
"Realiseret handelspris";"Ejerlejlighed";"8766 N�rre Snede";0;0;0;0
"Realiseret handelspris";"Ejerlejlighed";"8781 Stenderup";0;0;0;0
"Realiseret handelspris";"Ejerlejlighed";"8783 Hornsyld";..;0;0;0
"Realiseret handelspris";"Ejerlejlighed";"8789 Endelave";0;0;0;0
"Realiseret handelspris";"Ejerlejlighed";"8799 Tun�";0;0;0;0
"Realiseret handelspris";"Ejerlejlighed";"8800 Viborg";12144;12047;13577;13832
"Realiseret handelspris";"Ejerlejlighed";"8830 Tjele";0;0;0;0
"Realiseret handelspris";"Ejerlejlighed";"8831 L�gstrup";0;0;0;0
"Realiseret handelspris";"Ejerlejlighed";"8832 Skals";0;0;0;0
"Realiseret handelspris";"Ejerlejlighed";"8840 R�dk�rsbro";0;0;0;0
"Realiseret handelspris";"Ejerlejlighed";"8850 Bjerringbro";0;0;0;..
"Realiseret handelspris";"Ejerlejlighed";"8860 Ulstrup";0;0;0;0
"Realiseret handelspris";"Ejerlejlighed";"8870 Lang�";0;0;0;0
"Realiseret handelspris";"Ejerlejlighed";"8881 Thors�";0;0;0;0
"Realiseret handelspris";"Ejerlejlighed";"8882 F�rvang";0;0;0;0
"Realiseret handelspris";"Ejerlejlighed";"8883 Gjern";..;..;..;..
"Realiseret handelspris";"Ejerlejlighed";"8900 Randers C";11243;10613;10186;11906
"Realiseret handelspris";"Ejerlejlighed";"8920 Randers NV";7255;7552;6979;8162
"Realiseret handelspris";"Ejerlejlighed";"8930 Randers N�";8849;8274;10849;8486
"Realiseret handelspris";"Ejerlejlighed";"8940 Randers SV";..;..;..;..
"Realiseret handelspris";"Ejerlejlighed";"8950 �rsted";0;0;0;0
"Realiseret handelspris";"Ejerlejlighed";"8960 Randers S�";..;..;..;..
"Realiseret handelspris";"Ejerlejlighed";"8961 Alling�bro";0;0;0;0
"Realiseret handelspris";"Ejerlejlighed";"8963 Auning";0;0;0;0
"Realiseret handelspris";"Ejerlejlighed";"8970 Havndal";0;0;..;0
"Realiseret handelspris";"Ejerlejlighed";"8981 Spentrup";0;0;..;0
"Realiseret handelspris";"Ejerlejlighed";"8983 Gjerlev J";0;0;0;0
"Realiseret handelspris";"Ejerlejlighed";"8990 F�rup";0;0;0;0
"Realiseret handelspris";"Ejerlejlighed";"9000 Aalborg";21009;21366;20631;20673
"Realiseret handelspris";"Ejerlejlighed";"9200 Aalborg SV";..;..;..;..
"Realiseret handelspris";"Ejerlejlighed";"9210 Aalborg S�";..;..;..;..
"Realiseret handelspris";"Ejerlejlighed";"9220 Aalborg �st";..;..;..;0
"Realiseret handelspris";"Ejerlejlighed";"9230 Svenstrup J";0;..;..;..
"Realiseret handelspris";"Ejerlejlighed";"9240 Nibe";..;0;0;0
"Realiseret handelspris";"Ejerlejlighed";"9260 Gistrup";..;0;0;0
"Realiseret handelspris";"Ejerlejlighed";"9270 Klarup";..;0;0;0
"Realiseret handelspris";"Ejerlejlighed";"9280 Storvorde";0;0;..;0
"Realiseret handelspris";"Ejerlejlighed";"9293 Kongerslev";0;..;0;0
"Realiseret handelspris";"Ejerlejlighed";"9300 S�by";0;..;..;..
"Realiseret handelspris";"Ejerlejlighed";"9310 Vodskov";0;..;0;0
"Realiseret handelspris";"Ejerlejlighed";"9320 Hjallerup";0;..;0;0
"Realiseret handelspris";"Ejerlejlighed";"9330 Dronninglund";0;0;0;0
"Realiseret handelspris";"Ejerlejlighed";"9340 Asaa";..;0;0;0
"Realiseret handelspris";"Ejerlejlighed";"9352 Dybvad";0;0;0;0
"Realiseret handelspris";"Ejerlejlighed";"9362 Gandrup";0;..;0;0
"Realiseret handelspris";"Ejerlejlighed";"9370 Hals";..;..;..;..
"Realiseret handelspris";"Ejerlejlighed";"9380 Vestbjerg";0;0;0;..
"Realiseret handelspris";"Ejerlejlighed";"9381 Sulsted";0;0;0;0
"Realiseret handelspris";"Ejerlejlighed";"9382 Tylstrup";0;0;0;0
"Realiseret handelspris";"Ejerlejlighed";"9400 N�rresundby";16545;19523;18845;18911
"Realiseret handelspris";"Ejerlejlighed";"9430 Vadum";0;0;..;0
"Realiseret handelspris";"Ejerlejlighed";"9440 Aabybro";..;0;..;0
"Realiseret handelspris";"Ejerlejlighed";"9460 Brovst";..;..;..;..
"Realiseret handelspris";"Ejerlejlighed";"9480 L�kken";..;..;..;..
"Realiseret handelspris";"Ejerlejlighed";"9490 Pandrup";..;..;..;..
"Realiseret handelspris";"Ejerlejlighed";"9492 Blokhus";..;..;..;..
"Realiseret handelspris";"Ejerlejlighed";"9493 Saltum";0;0;0;0
"Realiseret handelspris";"Ejerlejlighed";"9500 Hobro";..;..;..;..
"Realiseret handelspris";"Ejerlejlighed";"9510 Arden";0;0;0;0
"Realiseret handelspris";"Ejerlejlighed";"9520 Sk�rping";0;0;0;0
"Realiseret handelspris";"Ejerlejlighed";"9530 St�vring";..;..;0;..
"Realiseret handelspris";"Ejerlejlighed";"9541 Suldrup";0;0;0;0
"Realiseret handelspris";"Ejerlejlighed";"9550 Mariager";0;..;0;0
"Realiseret handelspris";"Ejerlejlighed";"9560 Hadsund";..;..;0;..
"Realiseret handelspris";"Ejerlejlighed";"9574 B�lum";0;0;0;0
"Realiseret handelspris";"Ejerlejlighed";"9575 Terndrup";0;0;0;0
"Realiseret handelspris";"Ejerlejlighed";"9600 Aars";..;0;..;..
"Realiseret handelspris";"Ejerlejlighed";"9610 N�rager";0;0;0;0
"Realiseret handelspris";"Ejerlejlighed";"9620 Aalestrup";0;..;..;0
"Realiseret handelspris";"Ejerlejlighed";"9631 Gedsted";0;0;0;0
"Realiseret handelspris";"Ejerlejlighed";"9632 M�ldrup";0;0;..;0
"Realiseret handelspris";"Ejerlejlighed";"9640 Fars�";0;0;0;0
"Realiseret handelspris";"Ejerlejlighed";"9670 L�gst�r";0;0;..;0
"Realiseret handelspris";"Ejerlejlighed";"9681 Ranum";..;..;..;..
"Realiseret handelspris";"Ejerlejlighed";"9690 Fjerritslev";0;0;..;0
"Realiseret handelspris";"Ejerlejlighed";"9700 Br�nderslev";..;..;0;0
"Realiseret handelspris";"Ejerlejlighed";"9740 Jerslev J";0;0;0;0
"Realiseret handelspris";"Ejerlejlighed";"9750 �stervr�";0;0;0;0
"Realiseret handelspris";"Ejerlejlighed";"9760 Vr�";0;0;0;0
"Realiseret handelspris";"Ejerlejlighed";"9800 Hj�rring";..;..;..;..
"Realiseret handelspris";"Ejerlejlighed";"9830 T�rs";0;0;0;0
"Realiseret handelspris";"Ejerlejlighed";"9850 Hirtshals";..;..;..;..
"Realiseret handelspris";"Ejerlejlighed";"9870 Sindal";0;0;0;0
"Realiseret handelspris";"Ejerlejlighed";"9881 Bindslev";0;0;0;0
"Realiseret handelspris";"Ejerlejlighed";"9900 Frederikshavn";..;..;..;..
"Realiseret handelspris";"Ejerlejlighed";"9940 L�s�";0;0;0;0
"Realiseret handelspris";"Ejerlejlighed";"9970 Strandby";0;0;0;0
"Realiseret handelspris";"Ejerlejlighed";"9981 Jerup";0;0;0;0
"Realiseret handelspris";"Ejerlejlighed";"9982 �lb�k";0;0;..;0
"Realiseret handelspris";"Ejerlejlighed";"9990 Skagen";..;..;..;..
